{
  "train_loss": [
    2.2319962200628183,
    1.6106531676430393,
    1.3328935537043216,
    1.0876955516344857,
    0.9016706196691254,
    0.7516445389544563,
    0.6135699718621126,
    0.3345774623672999,
    0.22825533222132535,
    0.1842831507921761,
    0.17484842516054774,
    0.1646877111319632,
    0.1581091551420307,
    0.1184316503597564,
    0.09782537026288457,
    0.09428939270152217,
    0.08701358566330145,
    0.07313994159184742,
    0.07291443357913602,
    0.07064886875382817,
    0.0663735062109342,
    0.06623530725747673,
    0.06371519350412017,
    0.060289106392356705,
    0.05790325086199432
  ],
  "train_acc": [
    34.99772520473157,
    48.88535031847134,
    56.75614194722475,
    63.455414012738856,
    68.73293903548681,
    73.35077343039127,
    78.05959963603276,
    87.8070973612375,
    91.75386715195633,
    93.43721565059144,
    93.5395814376706,
    93.9604185623294,
    94.17652411282984,
    95.12056414922657,
    95.35941765241128,
    95.45040946314832,
    95.68926296633303,
    96.13284804367606,
    95.84849863512284,
    95.85987261146497,
    96.15559599636033,
    96.29208371246588,
    96.2238398544131,
    96.3830755232029,
    96.37170154686078
  ],
  "val_loss": [
    1.8609821763876029,
    1.719210880794126,
    1.698889900490411,
    1.849613811125855,
    1.8386444338242285,
    1.8855580164151804,
    2.1467097495446104,
    2.0721738919873363,
    2.153164453350272,
    2.33923507148944,
    2.3612289252988417,
    2.4729783589239007,
    2.584606586747868,
    2.527193939609892,
    2.6269434806539103,
    2.6844568493368413,
    2.6717554713727347,
    2.696206355767428,
    2.7508013504434436,
    2.7344071251137674,
    2.828089271489873,
    2.741927817043551,
    2.77020461739357,
    2.842024086387294,
    2.8824798535823386
  ],
  "val_acc": [
    44.81346678798908,
    48.043676069153776,
    49.27206551410373,
    48.31665150136488,
    46.7697907188353,
    49.13557779799818,
    48.40764331210191,
    50.68243858052775,
    51.45586897179254,
    49.86351228389445,
    50.227479526842586,
    49.545040946314835,
    49.27206551410373,
    50.5459508644222,
    50.68243858052775,
    50.409463148316654,
    50.77343039126479,
    50.500454959053684,
    52.047315741583255,
    50.77343039126479,
    50.90991810737034,
    51.137397634212924,
    50.72793448589627,
    52.18380345768881,
    51.819836214740675
  ]
}